timestamp,image_name,model_type,defect_count,confidence_avg,detections_json,result_image
2026-03-10 21:01:00,crazing_1.jpg,yolov8m,3,0.279,"[{""label"": ""class_0"", ""score"": 0.29790690541267395, ""bbox"": [0.5983543395996094, 0.0, 198.25509643554688, 113.93075561523438]}, {""label"": ""class_0"", ""score"": 0.2765378952026367, ""bbox"": [8.584365844726562, 92.18606567382812, 127.58393859863281, 183.0580291748047]}, {""label"": ""class_0"", ""score"": 0.26114141941070557, ""bbox"": [131.9440460205078, 116.65750122070312, 200.0, 170.71661376953125]}]",/static/results/6db1f0b5-ba9d-418a-9356-7631c4205f3a_result.jpg
2026-03-10 21:01:23,patches_74.jpg,yolov8m,4,0.453,"[{""label"": ""class_2"", ""score"": 0.6322603225708008, ""bbox"": [0.0, 112.0873794555664, 40.011383056640625, 177.9574737548828]}, {""label"": ""class_2"", ""score"": 0.5048643350601196, ""bbox"": [1.2893009185791016, 180.2333984375, 53.797664642333984, 200.0]}, {""label"": ""class_2"", ""score"": 0.37473878264427185, ""bbox"": [123.53630065917969, 2.240781784057617, 199.67486572265625, 158.89486694335938]}, {""label"": ""class_2"", ""score"": 0.2995052933692932, ""bbox"": [121.30905151367188, 0.9337329864501953, 199.3486785888672, 71.08596801757812]}]",/static/results/e7abf0ec-adf1-4cc0-b434-41f197eb32a1_result.jpg
2026-03-10 21:01:48,inclusion_155.jpg,yolov8m,1,0.488,"[{""label"": ""class_1"", ""score"": 0.4884355962276459, ""bbox"": [3.3659744262695312, 2.7836036682128906, 178.56155395507812, 200.0]}]",/static/results/dd3ec33c-ee4e-4927-be22-02bfac117d36_result.jpg
2026-03-10 21:02:15,scratches_75.jpg,yolov8m,5,0.427,"[{""label"": ""class_5"", ""score"": 0.6218749284744263, ""bbox"": [60.628936767578125, 0.0, 85.63186645507812, 182.1524200439453]}, {""label"": ""class_5"", ""score"": 0.5061620473861694, ""bbox"": [126.9857406616211, 0.08739471435546875, 146.36849975585938, 196.99668884277344]}, {""label"": ""class_5"", ""score"": 0.45324432849884033, ""bbox"": [159.79052734375, 96.04301452636719, 173.8153076171875, 200.0]}, {""label"": ""class_5"", ""score"": 0.2797960638999939, ""bbox"": [66.54361724853516, 0.21127700805664062, 86.52098846435547, 165.53594970703125]}, {""label"": ""class_5"", ""score"": 0.27556732296943665, ""bbox"": [125.49674987792969, 0.014753341674804688, 148.6121368408203, 131.4774169921875]}]",/static/results/2cdc315b-9078-4df7-9c86-4edce2c26ebc_result.jpg
2026-03-11 18:06:08,crazing_39.jpg,yolov8m,2,0.328,"[{""label"": ""class_0"", ""score"": 0.3590257167816162, ""bbox"": [10.439872741699219, 156.5391082763672, 199.65975952148438, 199.90939331054688]}, {""label"": ""class_0"", ""score"": 0.2963082790374756, ""bbox"": [0.16794204711914062, 49.7918701171875, 195.76251220703125, 176.99913024902344]}]",/static/results/0b26ecee-c7df-4f8f-8001-ff66a237c568_result.jpg
2026-03-11 20:09:55,crazing_6.jpg,yolov8m,4,0.363,"[{""label"": ""class_0"", ""score"": 0.40598246455192566, ""bbox"": [1.7807769775390625, 132.15480041503906, 115.88867950439453, 200.0]}, {""label"": ""class_0"", ""score"": 0.3904528319835663, ""bbox"": [0.6330966949462891, 159.10354614257812, 114.01050567626953, 199.72137451171875]}, {""label"": ""class_0"", ""score"": 0.3878247141838074, ""bbox"": [19.04926300048828, 0.33321380615234375, 170.96092224121094, 48.516929626464844]}, {""label"": ""class_0"", ""score"": 0.2668541371822357, ""bbox"": [22.29969024658203, 0.20888805389404297, 193.5950469970703, 66.05567932128906]}]",/static/results/a87eb6c1-9deb-4b45-a3fc-6a01f4fea49f_result.jpg
2026-03-11 20:12:25,crazing_6.jpg,fasterrcnn,0,0.0,[],/static/results/93910157-0dcd-477e-ab37-01b9703a1c2a_result.jpg
2026-03-11 20:12:46,crazing_4.jpg,both,2,0.478,"[{""label"": ""class_0"", ""score"": 0.5733303427696228, ""bbox"": [4.159259796142578, 96.6058349609375, 199.51551818847656, 199.1436004638672]}, {""label"": ""class_0"", ""score"": 0.38229912519454956, ""bbox"": [4.0634918212890625, 20.521373748779297, 118.79937744140625, 108.05970764160156]}]",/static/results/18dab36e-8dac-494d-9d65-dec4f8a6243f_result.jpg
2026-03-11 20:34:06,crazing_9.jpg,yolov8m,2,0.392,"[{""label"": ""class_0"", ""score"": 0.43997204303741455, ""bbox"": [4.000968933105469, 0.0, 199.2540740966797, 96.43233489990234]}, {""label"": ""class_0"", ""score"": 0.34322071075439453, ""bbox"": [10.147018432617188, 126.45587921142578, 198.8390655517578, 199.7779083251953]}]",/static/results/429d9788-986a-4ec4-bf3e-b4c352390f3c_result.jpg
2026-03-11 20:39:04,crazing_6.jpg,yolov8m,4,0.363,"[{""label"": ""class_0"", ""score"": 0.40598246455192566, ""bbox"": [1.7807769775390625, 132.15480041503906, 115.88867950439453, 200.0]}, {""label"": ""class_0"", ""score"": 0.3904528319835663, ""bbox"": [0.6330966949462891, 159.10354614257812, 114.01050567626953, 199.72137451171875]}, {""label"": ""class_0"", ""score"": 0.3878247141838074, ""bbox"": [19.04926300048828, 0.33321380615234375, 170.96092224121094, 48.516929626464844]}, {""label"": ""class_0"", ""score"": 0.2668541371822357, ""bbox"": [22.29969024658203, 0.20888805389404297, 193.5950469970703, 66.05567932128906]}]",/static/results/bc575328-a6fd-4e2d-b7aa-d8ec2f74e5af_result.jpg
2026-03-11 20:39:30,scratches_106.jpg,yolov8m,1,0.642,"[{""label"": ""class_5"", ""score"": 0.6422544121742249, ""bbox"": [0.7609176635742188, 18.824932098388672, 200.0, 61.3228874206543]}]",/static/results/91df3519-c682-4efa-aa6d-ef89d1860772_result.jpg
2026-03-11 20:47:47,crazing_5.jpg,yolov8m,2,0.446,"[{""label"": ""class_0"", ""score"": 0.5227952003479004, ""bbox"": [7.471885681152344, 0.0, 199.37606811523438, 113.46107482910156]}, {""label"": ""class_0"", ""score"": 0.37013697624206543, ""bbox"": [4.851322174072266, 93.77647399902344, 199.67225646972656, 198.84056091308594]}]",/static/results/cd35d9c0-0bf9-4173-b21c-b9a6e5d5dc27_result.jpg
2026-03-11 20:52:46,crazing_5.jpg,yolov8m,2,0.446,"[{""label"": ""class_0"", ""score"": 0.5227952003479004, ""bbox"": [7.471885681152344, 0.0, 199.37606811523438, 113.46107482910156]}, {""label"": ""class_0"", ""score"": 0.37013697624206543, ""bbox"": [4.851322174072266, 93.77647399902344, 199.67225646972656, 198.84056091308594]}]",/static/results/c39c4554-48f5-49c1-8303-a071040d6025_result.jpg
2026-03-11 20:52:46,crazing_6.jpg,yolov8m,4,0.363,"[{""label"": ""class_0"", ""score"": 0.40598246455192566, ""bbox"": [1.7807769775390625, 132.15480041503906, 115.88867950439453, 200.0]}, {""label"": ""class_0"", ""score"": 0.3904528319835663, ""bbox"": [0.6330966949462891, 159.10354614257812, 114.01050567626953, 199.72137451171875]}, {""label"": ""class_0"", ""score"": 0.3878247141838074, ""bbox"": [19.04926300048828, 0.33321380615234375, 170.96092224121094, 48.516929626464844]}, {""label"": ""class_0"", ""score"": 0.2668541371822357, ""bbox"": [22.29969024658203, 0.20888805389404297, 193.5950469970703, 66.05567932128906]}]",/static/results/ab9a071b-188d-4e4f-9eb2-23d2a5f6785d_result.jpg
2026-03-11 20:52:46,crazing_7.jpg,yolov8m,2,0.381,"[{""label"": ""class_0"", ""score"": 0.4955546259880066, ""bbox"": [0.6934165954589844, 68.62560272216797, 197.67404174804688, 167.23745727539062]}, {""label"": ""class_0"", ""score"": 0.26576313376426697, ""bbox"": [1.6971588134765625, 0.0, 199.31198120117188, 75.60015869140625]}]",/static/results/735832d7-00ac-460e-9788-349f40876bda_result.jpg
2026-03-11 20:52:46,crazing_8.jpg,yolov8m,2,0.293,"[{""label"": ""class_0"", ""score"": 0.3115706443786621, ""bbox"": [0.668487548828125, 0.0, 147.5511016845703, 75.14934539794922]}, {""label"": ""class_0"", ""score"": 0.2749404013156891, ""bbox"": [0.0, 28.029699325561523, 69.63973236083984, 108.28148651123047]}]",/static/results/f238e79a-9c43-4b52-a100-998d632096ad_result.jpg
2026-03-11 20:52:46,crazing_9.jpg,yolov8m,2,0.392,"[{""label"": ""class_0"", ""score"": 0.43997204303741455, ""bbox"": [4.000968933105469, 0.0, 199.2540740966797, 96.43233489990234]}, {""label"": ""class_0"", ""score"": 0.34322071075439453, ""bbox"": [10.147018432617188, 126.45587921142578, 198.8390655517578, 199.7779083251953]}]",/static/results/1b27e65a-50f8-473f-b642-7a26ee89b5cf_result.jpg
2026-03-11 20:52:47,crazing_10.jpg,yolov8m,3,0.346,"[{""label"": ""class_0"", ""score"": 0.5188589096069336, ""bbox"": [0.6906509399414062, 139.74266052246094, 182.20106506347656, 200.0]}, {""label"": ""class_0"", ""score"": 0.26122885942459106, ""bbox"": [61.60511016845703, 10.756284713745117, 199.46006774902344, 84.36669921875]}, {""label"": ""class_0"", ""score"": 0.2580450773239136, ""bbox"": [58.77132034301758, 12.800474166870117, 199.90550231933594, 149.7671356201172]}]",/static/results/3e183caf-959a-40da-9f06-6cfd06fcdf8c_result.jpg
2026-03-11 20:52:47,crazing_11.jpg,yolov8m,0,0.0,[],/static/results/62b7e9c7-a303-48a4-9c1a-7f8f884bef75_result.jpg
2026-03-11 20:53:28,pitted_surface_68.jpg,yolov8m,0,0.0,[],/static/results/26311f93-03a5-4733-8146-9861372df3f8_result.jpg
2026-03-11 20:53:28,pitted_surface_69.jpg,yolov8m,2,0.694,"[{""label"": ""class_3"", ""score"": 0.7718393802642822, ""bbox"": [129.53323364257812, 0.0, 199.73556518554688, 199.7057647705078]}, {""label"": ""class_3"", ""score"": 0.6155977845191956, ""bbox"": [7.1807098388671875, 0.0, 107.49795532226562, 135.48007202148438]}]",/static/results/b18fbae4-088d-499f-b9ab-19c78bb2482b_result.jpg
2026-03-11 20:53:28,pitted_surface_70.jpg,yolov8m,3,0.54,"[{""label"": ""class_3"", ""score"": 0.5644939541816711, ""bbox"": [0.05084037780761719, 16.685428619384766, 148.1022186279297, 200.0]}, {""label"": ""class_3"", ""score"": 0.5329521298408508, ""bbox"": [44.270286560058594, 1.9294929504394531, 200.0, 199.93490600585938]}, {""label"": ""class_3"", ""score"": 0.5228062272071838, ""bbox"": [133.038330078125, 0.3870964050292969, 199.79461669921875, 199.53585815429688]}]",/static/results/e9e86790-fc59-40f9-b414-a38dedfc0bec_result.jpg
2026-03-11 20:53:29,pitted_surface_71.jpg,yolov8m,1,0.635,"[{""label"": ""class_3"", ""score"": 0.6354047656059265, ""bbox"": [0.3017616271972656, 2.1830177307128906, 188.60984802246094, 199.8501739501953]}]",/static/results/4266e248-2bb9-4f24-8db2-273b1b197b7c_result.jpg
2026-03-11 20:53:29,pitted_surface_72.jpg,yolov8m,2,0.566,"[{""label"": ""class_3"", ""score"": 0.6581960916519165, ""bbox"": [1.2906837463378906, 0.4075813293457031, 187.53236389160156, 200.0]}, {""label"": ""class_3"", ""score"": 0.4736982583999634, ""bbox"": [71.85802459716797, 0.3382682800292969, 200.0, 200.0]}]",/static/results/277a0d8e-b90b-481b-b33a-7554f3b69c2b_result.jpg
2026-03-11 20:53:29,pitted_surface_73.jpg,yolov8m,1,0.65,"[{""label"": ""class_3"", ""score"": 0.6501551866531372, ""bbox"": [0.0, 0.47290802001953125, 192.90464782714844, 200.0]}]",/static/results/ae645cec-8ab8-41af-8d34-64399bac4a2b_result.jpg
2026-03-11 20:53:29,pitted_surface_74.jpg,yolov8m,1,0.513,"[{""label"": ""class_3"", ""score"": 0.5126554369926453, ""bbox"": [0.17381668090820312, 0.0, 165.7807159423828, 199.39743041992188]}]",/static/results/bf65d572-97ca-40eb-a375-f6825c2eb4df_result.jpg
2026-03-11 20:53:46,scratches_225.jpg,yolov8m,4,0.418,"[{""label"": ""class_5"", ""score"": 0.6174440383911133, ""bbox"": [47.96272277832031, 48.712467193603516, 68.21147155761719, 154.06207275390625]}, {""label"": ""class_1"", ""score"": 0.37656286358833313, ""bbox"": [167.3247528076172, 176.60289001464844, 200.0, 200.0]}, {""label"": ""class_5"", ""score"": 0.36792466044425964, ""bbox"": [161.52542114257812, 0.9690952301025391, 190.0489044189453, 93.37837982177734]}, {""label"": ""class_5"", ""score"": 0.3109113872051239, ""bbox"": [0.0, 0.0, 17.56749153137207, 195.67947387695312]}]",/static/results/db324aec-4f76-4dd5-b48f-9749290d9c81_result.jpg
2026-03-11 20:53:46,scratches_231.jpg,yolov8m,5,0.531,"[{""label"": ""class_5"", ""score"": 0.6590105295181274, ""bbox"": [4.450125694274902, 0.0, 51.912925720214844, 198.29840087890625]}, {""label"": ""class_5"", ""score"": 0.6110482811927795, ""bbox"": [138.83395385742188, 15.55999755859375, 165.5437774658203, 196.8761444091797]}, {""label"": ""class_5"", ""score"": 0.5950984954833984, ""bbox"": [178.1841278076172, 0.5851936340332031, 200.0, 179.61648559570312]}, {""label"": ""class_1"", ""score"": 0.4082549810409546, ""bbox"": [25.559358596801758, 116.1972885131836, 106.86907958984375, 156.38644409179688]}, {""label"": ""class_5"", ""score"": 0.379334032535553, ""bbox"": [170.5370635986328, 0.0, 199.8387451171875, 167.8788604736328]}]",/static/results/b0e6a434-aead-4b28-bde3-7101781de239_result.jpg
2026-03-11 20:53:47,scratches_219.jpg,yolov8m,2,0.565,"[{""label"": ""class_5"", ""score"": 0.6122883558273315, ""bbox"": [79.8405990600586, 3.093442916870117, 103.51112365722656, 117.20459747314453]}, {""label"": ""class_5"", ""score"": 0.5185168981552124, ""bbox"": [160.39657592773438, 110.93250274658203, 182.28416442871094, 199.8497772216797]}]",/static/results/5224b2ea-6734-462b-818a-71aca9e4406f_result.jpg
2026-03-11 20:53:47,patches_162.jpg,yolov8m,3,0.535,"[{""label"": ""class_2"", ""score"": 0.7496751546859741, ""bbox"": [21.1337947845459, 107.6571044921875, 111.70218658447266, 199.55320739746094]}, {""label"": ""class_2"", ""score"": 0.5452525019645691, ""bbox"": [169.87986755371094, 181.68113708496094, 200.0, 200.0]}, {""label"": ""class_0"", ""score"": 0.3105974793434143, ""bbox"": [0.8190631866455078, 0.037724971771240234, 111.21800231933594, 37.661685943603516]}]",/static/results/d389f29e-6c21-4014-ae5e-1e2b6ec7c64e_result.jpg
2026-03-11 20:53:47,pitted_surface_13.jpg,yolov8m,2,0.324,"[{""label"": ""class_3"", ""score"": 0.36682549118995667, ""bbox"": [0.5066108703613281, 0.5248451232910156, 187.203857421875, 200.0]}, {""label"": ""class_3"", ""score"": 0.2816998362541199, ""bbox"": [81.38043975830078, 0.0, 200.0, 199.57347106933594]}]",/static/results/f5183c12-1679-4e28-b51e-862d187ded3c_result.jpg
2026-03-11 20:53:47,patches_176.jpg,yolov8m,6,0.503,"[{""label"": ""class_2"", ""score"": 0.7178136706352234, ""bbox"": [13.330421447753906, 2.9767990112304688, 87.68973541259766, 199.5043182373047]}, {""label"": ""class_1"", ""score"": 0.7109375, ""bbox"": [0.0, 106.21776580810547, 24.23296356201172, 172.3731231689453]}, {""label"": ""class_2"", ""score"": 0.44631603360176086, ""bbox"": [175.34739685058594, 0.0, 200.0, 52.55872344970703]}, {""label"": ""class_1"", ""score"": 0.4281098544597626, ""bbox"": [163.0429229736328, 2.8864192962646484, 180.86859130859375, 20.350101470947266]}, {""label"": ""class_1"", ""score"": 0.39563632011413574, ""bbox"": [0.0, 15.459046363830566, 29.626178741455078, 40.881248474121094]}, {""label"": ""class_1"", ""score"": 0.3210078179836273, ""bbox"": [0.5010819435119629, 0.0, 34.561954498291016, 41.019187927246094]}]",/static/results/54e1504d-f6d8-4942-8674-5399f1b2283c_result.jpg
2026-03-11 20:53:47,patches_189.jpg,yolov8m,4,0.804,"[{""label"": ""class_2"", ""score"": 0.856752336025238, ""bbox"": [63.6170768737793, 96.02092742919922, 117.2823486328125, 167.93844604492188]}, {""label"": ""class_2"", ""score"": 0.8354664444923401, ""bbox"": [120.17133331298828, 77.22074127197266, 195.19412231445312, 200.0]}, {""label"": ""class_2"", ""score"": 0.8236559629440308, ""bbox"": [51.72877883911133, 1.036372184753418, 110.44013977050781, 77.13931274414062]}, {""label"": ""class_2"", ""score"": 0.7018755674362183, ""bbox"": [104.1656265258789, 35.05717086791992, 159.88650512695312, 73.19974517822266]}]",/static/results/9f67b17e-98b9-46ab-b59f-8bcbf3038bed_result.jpg
2026-03-11 20:53:47,crazing_49.jpg,yolov8m,2,0.339,"[{""label"": ""class_0"", ""score"": 0.42293018102645874, ""bbox"": [60.38236618041992, 43.97062301635742, 199.55406188964844, 129.67242431640625]}, {""label"": ""class_0"", ""score"": 0.25581008195877075, ""bbox"": [4.895954132080078, 44.09811782836914, 198.96865844726562, 133.1639862060547]}]",/static/results/7041fd31-f5f6-49b8-9c35-64fb6c85d7f1_result.jpg
2026-03-11 20:53:48,crazing_8.jpg,yolov8m,2,0.293,"[{""label"": ""class_0"", ""score"": 0.3115706443786621, ""bbox"": [0.668487548828125, 0.0, 147.5511016845703, 75.14934539794922]}, {""label"": ""class_0"", ""score"": 0.2749404013156891, ""bbox"": [0.0, 28.029699325561523, 69.63973236083984, 108.28148651123047]}]",/static/results/b4de5cfd-c0d3-4cf3-a7f1-a3d6968f13fe_result.jpg
2026-03-11 20:53:48,patches_22.jpg,yolov8m,3,0.552,"[{""label"": ""class_2"", ""score"": 0.6520346999168396, ""bbox"": [100.22382354736328, 9.08203125, 184.14736938476562, 199.853271484375]}, {""label"": ""class_2"", ""score"": 0.6297235488891602, ""bbox"": [7.125034332275391, 144.77935791015625, 82.2933349609375, 199.58847045898438]}, {""label"": ""class_2"", ""score"": 0.3748634457588196, ""bbox"": [7.1795654296875, 144.8690948486328, 60.189456939697266, 200.0]}]",/static/results/e1fe399a-99a2-4bf6-838f-e027b4aa7468_result.jpg
2026-03-11 20:53:48,crazing_61.jpg,yolov8m,2,0.273,"[{""label"": ""class_0"", ""score"": 0.2791447937488556, ""bbox"": [4.96830940246582, 21.508007049560547, 129.09765625, 100.07732391357422]}, {""label"": ""class_0"", ""score"": 0.26783210039138794, ""bbox"": [10.055007934570312, 19.930877685546875, 178.5113067626953, 101.17448425292969]}]",/static/results/bbbd4792-447c-4d44-9aba-332b81388324_result.jpg
2026-03-11 20:53:48,crazing_75.jpg,yolov8m,3,0.355,"[{""label"": ""class_0"", ""score"": 0.432781845331192, ""bbox"": [1.4867973327636719, 87.11854553222656, 148.33853149414062, 172.311279296875]}, {""label"": ""class_0"", ""score"": 0.3814331293106079, ""bbox"": [1.9985198974609375, 50.944366455078125, 52.6235466003418, 94.55894470214844]}, {""label"": ""class_0"", ""score"": 0.2515486776828766, ""bbox"": [0.31212806701660156, 0.08655071258544922, 108.31806945800781, 45.81740951538086]}]",/static/results/13b739a4-871a-4cea-ab17-43457587d659_result.jpg
2026-03-11 20:53:48,patches_36.jpg,yolov8m,3,0.731,"[{""label"": ""class_2"", ""score"": 0.8832641839981079, ""bbox"": [12.205610275268555, 94.15040588378906, 71.9140396118164, 137.9929962158203]}, {""label"": ""class_2"", ""score"": 0.7624977827072144, ""bbox"": [101.34811401367188, 0.20433425903320312, 171.6708221435547, 200.0]}, {""label"": ""class_1"", ""score"": 0.5466955304145813, ""bbox"": [31.195384979248047, 62.02714920043945, 71.64463806152344, 89.42269897460938]}]",/static/results/7ec3de31-c475-4d3e-ae9a-0633ce2b4a43_result.jpg
2026-03-11 20:53:49,pitted_surface_228.jpg,yolov8m,4,0.397,"[{""label"": ""class_3"", ""score"": 0.5791659951210022, ""bbox"": [40.386661529541016, 1.0515594482421875, 200.0, 198.84841918945312]}, {""label"": ""class_3"", ""score"": 0.4234926700592041, ""bbox"": [132.50564575195312, 0.41454315185546875, 199.78594970703125, 199.825439453125]}, {""label"": ""class_3"", ""score"": 0.2983916997909546, ""bbox"": [39.612159729003906, 0.0, 153.2102508544922, 196.74693298339844]}, {""label"": ""class_3"", ""score"": 0.28834471106529236, ""bbox"": [0.0, 0.0, 61.696746826171875, 199.39918518066406]}]",/static/results/7935cf9f-26fc-4148-96d6-ef267a0d2491_result.jpg
2026-03-11 20:53:49,inclusion_58.jpg,yolov8m,2,0.496,"[{""label"": ""class_1"", ""score"": 0.6595988273620605, ""bbox"": [107.44774627685547, 77.47734832763672, 140.7729034423828, 159.30194091796875]}, {""label"": ""class_1"", ""score"": 0.33265432715415955, ""bbox"": [111.72309875488281, 0.08662223815917969, 134.6441192626953, 42.67267990112305]}]",/static/results/2139af94-3c24-406d-bcd0-e27ed369ff6a_result.jpg
2026-03-11 20:53:49,rolled-in_scale_239.jpg,yolov8m,2,0.516,"[{""label"": ""class_4"", ""score"": 0.5229009389877319, ""bbox"": [65.40992736816406, 72.31365966796875, 133.7161407470703, 152.676513671875]}, {""label"": ""class_4"", ""score"": 0.5099425911903381, ""bbox"": [56.07598876953125, 0.069122314453125, 129.1750946044922, 57.612770080566406]}]",/static/results/bd9391c6-7469-4edf-8b5c-d5a77cc132e0_result.jpg
2026-03-11 20:53:49,crazing_219.jpg,yolov8m,4,0.283,"[{""label"": ""class_0"", ""score"": 0.31517648696899414, ""bbox"": [46.45683288574219, 0.04126548767089844, 199.49473571777344, 61.841304779052734]}, {""label"": ""class_0"", ""score"": 0.2763526737689972, ""bbox"": [1.175680160522461, 114.84510040283203, 122.64460754394531, 170.85650634765625]}, {""label"": ""class_0"", ""score"": 0.2739046514034271, ""bbox"": [0.0, 112.04511260986328, 84.4429702758789, 182.26988220214844]}, {""label"": ""class_0"", ""score"": 0.2660634219646454, ""bbox"": [0.8095264434814453, 0.0, 122.32545471191406, 46.24951171875]}]",/static/results/7a56bd6d-8822-4b5b-8adb-5f4dd39b8d58_result.jpg
2026-03-11 20:53:49,pitted_surface_214.jpg,yolov8m,2,0.648,"[{""label"": ""class_3"", ""score"": 0.7196396589279175, ""bbox"": [0.6815528869628906, 0.4726409912109375, 169.37327575683594, 193.70407104492188]}, {""label"": ""class_2"", ""score"": 0.5757173299789429, ""bbox"": [143.84182739257812, 16.037845611572266, 200.0, 199.43576049804688]}]",/static/results/73f24f16-8f30-4acf-8354-1b2bb4ed1e6d_result.jpg
2026-03-11 20:53:49,crazing_231.jpg,yolov8m,1,0.449,"[{""label"": ""class_0"", ""score"": 0.4490795433521271, ""bbox"": [49.73472595214844, 89.9068832397461, 199.32144165039062, 196.93637084960938]}]",/static/results/1a10f079-661a-4884-840e-2b77454663c9_result.jpg
2026-03-11 20:53:50,rolled-in_scale_205.jpg,yolov8m,2,0.545,"[{""label"": ""class_4"", ""score"": 0.5923177003860474, ""bbox"": [46.005577087402344, 41.8791618347168, 141.4755401611328, 199.827880859375]}, {""label"": ""class_4"", ""score"": 0.49758586287498474, ""bbox"": [128.48524475097656, 40.654571533203125, 185.0914306640625, 71.48194885253906]}]",/static/results/731c7b6a-4a11-4a26-9a43-1ce1765144d3_result.jpg
2026-03-11 20:53:50,inclusion_197.jpg,yolov8m,2,0.54,"[{""label"": ""class_1"", ""score"": 0.8264405727386475, ""bbox"": [63.55272674560547, 12.770366668701172, 124.38577270507812, 200.0]}, {""label"": ""class_1"", ""score"": 0.25421106815338135, ""bbox"": [46.91560745239258, 161.26666259765625, 75.3008041381836, 200.0]}]",/static/results/1a045e38-8b74-4079-8a7d-c4445efd2cf6_result.jpg
2026-03-11 20:53:50,inclusion_64.jpg,yolov8m,2,0.585,"[{""label"": ""class_1"", ""score"": 0.6874695420265198, ""bbox"": [103.61297607421875, 0.0, 138.26576232910156, 72.98832702636719]}, {""label"": ""class_1"", ""score"": 0.4816851317882538, ""bbox"": [94.31900024414062, 91.4217529296875, 149.71864318847656, 200.0]}]",/static/results/41082d82-50b2-45e1-a4a2-a6ba6b831392_result.jpg
2026-03-11 20:53:50,inclusion_183.jpg,yolov8m,2,0.528,"[{""label"": ""class_1"", ""score"": 0.6453567743301392, ""bbox"": [117.82997131347656, 0.0, 197.86224365234375, 199.36277770996094]}, {""label"": ""class_1"", ""score"": 0.4100109040737152, ""bbox"": [126.11853790283203, 0.0, 195.30685424804688, 129.74343872070312]}]",/static/results/f8cd66f3-4559-4be3-8168-85e9b3e9b905_result.jpg
2026-03-11 20:53:50,inclusion_70.jpg,yolov8m,2,0.506,"[{""label"": ""class_1"", ""score"": 0.7063626050949097, ""bbox"": [86.1351547241211, 45.33818054199219, 121.89797973632812, 114.07471466064453]}, {""label"": ""class_1"", ""score"": 0.3063070774078369, ""bbox"": [0.7240772247314453, 1.0538291931152344, 110.73558807373047, 199.52731323242188]}]",/static/results/9f9bd77a-6189-4905-830d-833ab71952a6_result.jpg
2026-03-11 20:53:51,crazing_225.jpg,yolov8m,2,0.41,"[{""label"": ""class_0"", ""score"": 0.5095382928848267, ""bbox"": [0.7602500915527344, 92.57894134521484, 183.9937744140625, 199.18487548828125]}, {""label"": ""class_0"", ""score"": 0.3095388114452362, ""bbox"": [0.7831764221191406, 20.682485580444336, 120.53993225097656, 97.252197265625]}]",/static/results/038c3c6f-ac29-46ca-82fd-3ff505cdeea5_result.jpg
2026-03-11 20:53:51,rolled-in_scale_211.jpg,yolov8m,2,0.411,"[{""label"": ""class_4"", ""score"": 0.5426285862922668, ""bbox"": [96.93859100341797, 0.23713111877441406, 169.9528045654297, 91.98247528076172]}, {""label"": ""class_4"", ""score"": 0.27841776609420776, ""bbox"": [114.28826904296875, 96.16368865966797, 167.55892944335938, 193.70248413085938]}]",/static/results/acb652d3-d3e6-4475-b073-52afd46acedc_result.jpg
2026-03-11 20:53:51,pitted_surface_200.jpg,yolov8m,3,0.408,"[{""label"": ""class_3"", ""score"": 0.655228316783905, ""bbox"": [9.323654174804688, 0.5817794799804688, 193.93386840820312, 198.4513397216797]}, {""label"": ""class_2"", ""score"": 0.2905413508415222, ""bbox"": [0.0, 97.00471496582031, 12.65429973602295, 137.30836486816406]}, {""label"": ""class_1"", ""score"": 0.2771719694137573, ""bbox"": [0.0, 176.18942260742188, 23.486984252929688, 200.0]}]",/static/results/27b47edb-d485-4d56-b141-8063a33dd672_result.jpg
2026-03-11 20:53:51,inclusion_168.jpg,yolov8m,2,0.668,"[{""label"": ""class_1"", ""score"": 0.6805133819580078, ""bbox"": [25.046052932739258, 5.982398986816406, 49.51288604736328, 49.704227447509766]}, {""label"": ""class_1"", ""score"": 0.656312882900238, ""bbox"": [0.0, 6.638031005859375, 68.07533264160156, 200.0]}]",/static/results/16635b06-8bec-44f1-a202-036ad26ec7b1_result.jpg
2026-03-11 20:53:51,rolled-in_scale_18.jpg,yolov8m,2,0.574,"[{""label"": ""class_4"", ""score"": 0.6105664372444153, ""bbox"": [116.3408432006836, 0.0, 185.78179931640625, 51.68673324584961]}, {""label"": ""class_4"", ""score"": 0.5383384823799133, ""bbox"": [0.2784252166748047, 0.0, 49.02212142944336, 32.837406158447266]}]",/static/results/e22beef2-99c0-4c9a-b49f-e41b417759ad_result.jpg
2026-03-11 20:53:51,rolled-in_scale_30.jpg,yolov8m,1,0.521,"[{""label"": ""class_4"", ""score"": 0.5207409262657166, ""bbox"": [41.40409469604492, 84.7228012084961, 79.02477264404297, 113.55293273925781]}]",/static/results/459ccd4a-f887-4eb5-81b1-e52d74d62077_result.jpg
2026-03-11 20:53:52,inclusion_154.jpg,yolov8m,3,0.43,"[{""label"": ""class_1"", ""score"": 0.5317355394363403, ""bbox"": [149.7295379638672, 2.2815322875976562, 199.8194122314453, 166.7426300048828]}, {""label"": ""class_1"", ""score"": 0.3960185647010803, ""bbox"": [1.2537479400634766, 100.6688461303711, 124.2024917602539, 199.44677734375]}, {""label"": ""class_1"", ""score"": 0.36286649107933044, ""bbox"": [1.2882709503173828, 36.55569076538086, 125.45121765136719, 200.0]}]",/static/results/52235cd5-9e0f-47b7-bf2e-2a9f3b8e110b_result.jpg
2026-03-11 20:54:29,pitted_surface_228.jpg,yolov8m,4,0.397,"[{""label"": ""class_3"", ""score"": 0.5791659951210022, ""bbox"": [40.386661529541016, 1.0515594482421875, 200.0, 198.84841918945312]}, {""label"": ""class_3"", ""score"": 0.4234926700592041, ""bbox"": [132.50564575195312, 0.41454315185546875, 199.78594970703125, 199.825439453125]}, {""label"": ""class_3"", ""score"": 0.2983916997909546, ""bbox"": [39.612159729003906, 0.0, 153.2102508544922, 196.74693298339844]}, {""label"": ""class_3"", ""score"": 0.28834471106529236, ""bbox"": [0.0, 0.0, 61.696746826171875, 199.39918518066406]}]",/static/results/fa7ed278-5212-4cf2-adc3-a9539fb0f6aa_result.jpg
2026-03-11 20:54:29,inclusion_183.jpg,yolov8m,2,0.528,"[{""label"": ""class_1"", ""score"": 0.6453567743301392, ""bbox"": [117.82997131347656, 0.0, 197.86224365234375, 199.36277770996094]}, {""label"": ""class_1"", ""score"": 0.4100109040737152, ""bbox"": [126.11853790283203, 0.0, 195.30685424804688, 129.74343872070312]}]",/static/results/d6e1189f-cb5c-4fdf-8119-2dd5c44e94c2_result.jpg
2026-03-11 20:54:30,patches_228.jpg,yolov8m,5,0.508,"[{""label"": ""class_2"", ""score"": 0.8103429079055786, ""bbox"": [13.301186561584473, 113.80384063720703, 73.72087860107422, 173.25440979003906]}, {""label"": ""class_2"", ""score"": 0.6866829991340637, ""bbox"": [68.57131958007812, 11.951541900634766, 166.17652893066406, 199.73086547851562]}, {""label"": ""class_2"", ""score"": 0.37968629598617554, ""bbox"": [179.90362548828125, 0.0, 200.0, 60.00980758666992]}, {""label"": ""class_2"", ""score"": 0.362907350063324, ""bbox"": [62.46479034423828, 9.688177108764648, 116.59915924072266, 64.69844818115234]}, {""label"": ""class_2"", ""score"": 0.30218419432640076, ""bbox"": [70.9211654663086, 62.994956970214844, 164.14630126953125, 199.01773071289062]}]",/static/results/8ebe6765-9083-4f72-b91b-873ce3597367_result.jpg
2026-03-11 20:54:30,scratches_153.jpg,yolov8m,4,0.439,"[{""label"": ""class_5"", ""score"": 0.4976147413253784, ""bbox"": [184.35511779785156, 3.5534095764160156, 200.0, 198.3378448486328]}, {""label"": ""class_5"", ""score"": 0.4901750087738037, ""bbox"": [102.14775085449219, 108.25981140136719, 131.77549743652344, 199.9439239501953]}, {""label"": ""class_5"", ""score"": 0.41992565989494324, ""bbox"": [81.58058166503906, 105.77737426757812, 100.54374694824219, 200.0]}, {""label"": ""class_5"", ""score"": 0.3492201864719391, ""bbox"": [105.17906188964844, 0.025691986083984375, 136.58030700683594, 199.9230499267578]}]",/static/results/2f738470-6278-435d-8e45-50f2a760baa2_result.jpg
2026-03-11 20:54:30,rolled-in_scale_198.jpg,yolov8m,2,0.517,"[{""label"": ""class_4"", ""score"": 0.6113157272338867, ""bbox"": [28.72090721130371, 118.62863159179688, 135.30638122558594, 199.919921875]}, {""label"": ""class_4"", ""score"": 0.42335763573646545, ""bbox"": [50.7353401184082, 0.17936229705810547, 174.9122772216797, 76.78369140625]}]",/static/results/95a8973d-871a-4dea-9bcf-67d18b16b469_result.jpg
2026-03-11 20:54:30,rolled-in_scale_199.jpg,yolov8m,2,0.54,"[{""label"": ""class_4"", ""score"": 0.7916456460952759, ""bbox"": [11.845111846923828, 0.6254959106445312, 95.44923400878906, 83.30758666992188]}, {""label"": ""class_4"", ""score"": 0.28919556736946106, ""bbox"": [92.22305297851562, 19.85139274597168, 183.12716674804688, 174.50064086914062]}]",/static/results/c2e8cd71-24d7-48a2-9cee-b5f524cc686c_result.jpg
2026-03-11 20:54:30,rolled-in_scale_19.jpg,yolov8m,3,0.395,"[{""label"": ""class_4"", ""score"": 0.48032131791114807, ""bbox"": [0.0, 44.1230354309082, 52.23116683959961, 199.13035583496094]}, {""label"": ""class_4"", ""score"": 0.4232037663459778, ""bbox"": [0.0, 147.57789611816406, 50.529354095458984, 199.79019165039062]}, {""label"": ""class_4"", ""score"": 0.2828073501586914, ""bbox"": [0.0, 44.17442321777344, 50.73770523071289, 139.50897216796875]}]",/static/results/2a213b96-d13e-4f25-835b-c19f6b84b2d6_result.jpg
2026-03-11 20:54:30,inclusion_71.jpg,yolov8m,1,0.691,"[{""label"": ""class_1"", ""score"": 0.6914457082748413, ""bbox"": [74.6494140625, 70.76957702636719, 124.27449798583984, 155.66409301757812]}]",/static/results/30cba502-7656-4f71-b215-3bd0364509da_result.jpg
2026-03-11 20:54:31,inclusion_196.jpg,yolov8m,3,0.52,"[{""label"": ""class_1"", ""score"": 0.7117195129394531, ""bbox"": [119.4207534790039, 1.4414787292480469, 156.75958251953125, 199.4369659423828]}, {""label"": ""class_1"", ""score"": 0.5826588869094849, ""bbox"": [32.54766082763672, 58.69559860229492, 54.51797866821289, 106.55406951904297]}, {""label"": ""class_1"", ""score"": 0.2667275667190552, ""bbox"": [150.899658203125, 5.329036712646484, 200.0, 199.8125762939453]}]",/static/results/6593eded-b327-408d-bb8e-86e3df1a020f_result.jpg
2026-03-11 20:54:31,crazing_230.jpg,yolov8m,4,0.294,"[{""label"": ""class_0"", ""score"": 0.33251261711120605, ""bbox"": [19.735755920410156, 0.19482135772705078, 167.7825164794922, 37.14724349975586]}, {""label"": ""class_0"", ""score"": 0.3043900430202484, ""bbox"": [9.330482482910156, 83.78579711914062, 186.41299438476562, 190.3610382080078]}, {""label"": ""class_0"", ""score"": 0.28701603412628174, ""bbox"": [0.22058486938476562, 36.015892028808594, 52.65581130981445, 102.13265228271484]}, {""label"": ""class_0"", ""score"": 0.2538107633590698, ""bbox"": [12.781009674072266, 27.53177833557129, 171.38743591308594, 105.80056762695312]}]",/static/results/ef896333-4e25-4888-9e61-4e457b46e5ec_result.jpg
2026-03-11 20:54:31,rolled-in_scale_238.jpg,yolov8m,2,0.378,"[{""label"": ""class_4"", ""score"": 0.39250582456588745, ""bbox"": [46.875587463378906, 10.178642272949219, 157.00662231445312, 110.618896484375]}, {""label"": ""class_4"", ""score"": 0.3644397258758545, ""bbox"": [38.36442947387695, 130.01800537109375, 135.5430145263672, 199.55874633789062]}]",/static/results/77301d59-3b47-47b8-be7a-4f50134ff089_result.jpg
2026-03-11 20:54:31,crazing_60.jpg,yolov8m,1,0.31,"[{""label"": ""class_0"", ""score"": 0.31044939160346985, ""bbox"": [0.2775764465332031, 0.0, 66.37334442138672, 41.704654693603516]}]",/static/results/113d84ad-7710-4a00-8de9-3a818bd2be25_result.jpg
2026-03-11 20:54:31,scratches_232.jpg,yolov8m,2,0.425,"[{""label"": ""class_5"", ""score"": 0.5621565580368042, ""bbox"": [34.88856887817383, 64.05083465576172, 172.78170776367188, 87.59955596923828]}, {""label"": ""class_5"", ""score"": 0.28856760263442993, ""bbox"": [143.32147216796875, 69.00804138183594, 164.1873779296875, 179.0269317626953]}]",/static/results/8e562174-0aaa-4337-bb6f-f2e7441eceb6_result.jpg
2026-03-11 20:54:32,crazing_226.jpg,yolov8m,2,0.395,"[{""label"": ""class_0"", ""score"": 0.409492552280426, ""bbox"": [5.711002349853516, 130.80030822753906, 180.9014434814453, 199.7576904296875]}, {""label"": ""class_0"", ""score"": 0.3814113140106201, ""bbox"": [7.1075439453125, 2.9250335693359375, 198.78677368164062, 134.13446044921875]}]",/static/results/27674278-a89f-486b-8876-53124b6c8251_result.jpg
2026-03-11 20:54:32,scratches_150.jpg,yolov8m,2,0.741,"[{""label"": ""class_1"", ""score"": 0.8040095567703247, ""bbox"": [152.99745178222656, 1.0815048217773438, 200.0, 199.7761688232422]}, {""label"": ""class_5"", ""score"": 0.6775352358818054, ""bbox"": [120.30414581298828, 0.0, 147.81417846679688, 199.05612182617188]}]",/static/results/f85ecffd-fd37-4349-b8ce-a70af3600802_result.jpg
2026-03-11 20:54:32,scratches_193.jpg,yolov8m,1,0.569,"[{""label"": ""class_5"", ""score"": 0.5688516497612, ""bbox"": [115.8304214477539, 0.0, 145.3521728515625, 139.35694885253906]}]",/static/results/c83f5ced-fa68-4c12-8272-6f3d05f35149_result.jpg
2026-03-11 20:54:32,inclusion_235.jpg,yolov8m,4,0.625,"[{""label"": ""class_1"", ""score"": 0.7895112037658691, ""bbox"": [54.92251205444336, 13.288956642150879, 72.91468811035156, 44.755104064941406]}, {""label"": ""class_1"", ""score"": 0.7047658562660217, ""bbox"": [74.49260711669922, 98.77330780029297, 137.85154724121094, 183.00672912597656]}, {""label"": ""class_1"", ""score"": 0.6877527832984924, ""bbox"": [65.8256607055664, 69.40093231201172, 86.44711303710938, 110.66184997558594]}, {""label"": ""class_1"", ""score"": 0.31981027126312256, ""bbox"": [78.68240356445312, 0.021266937255859375, 116.12384796142578, 21.568859100341797]}]",/static/results/7931c321-1655-4a3c-b5ff-a9319f50f65d_result.jpg
2026-03-11 20:54:32,inclusion_220.jpg,yolov8m,2,0.457,"[{""label"": ""class_2"", ""score"": 0.4596481919288635, ""bbox"": [42.660579681396484, 9.602127075195312, 105.94937896728516, 199.44534301757812]}, {""label"": ""class_1"", ""score"": 0.45447999238967896, ""bbox"": [45.02350616455078, 29.516220092773438, 106.77289581298828, 199.85313415527344]}]",/static/results/895565c3-6232-4e7c-9918-90304795ff4b_result.jpg
2026-03-11 20:54:32,crazing_186.jpg,yolov8m,4,0.365,"[{""label"": ""class_0"", ""score"": 0.4763662815093994, ""bbox"": [4.051914215087891, 158.05496215820312, 198.9237060546875, 199.7846221923828]}, {""label"": ""class_0"", ""score"": 0.40188467502593994, ""bbox"": [0.7132768630981445, 17.20571517944336, 160.62034606933594, 136.80328369140625]}, {""label"": ""class_0"", ""score"": 0.29297173023223877, ""bbox"": [66.94713592529297, 90.67703247070312, 199.59429931640625, 169.13836669921875]}, {""label"": ""class_0"", ""score"": 0.2907644212245941, ""bbox"": [71.16275787353516, 24.319067001342773, 200.0, 96.85147857666016]}]",/static/results/620d4a5a-f808-4685-a08c-a658afb8b5ad_result.jpg
2026-03-11 20:54:33,rolled-in_scale_171.jpg,yolov8m,1,0.335,"[{""label"": ""class_4"", ""score"": 0.33471599221229553, ""bbox"": [37.59136199951172, 71.1282730102539, 163.4066162109375, 200.0]}]",/static/results/c8707bce-b2fa-406b-b8cd-910469c7c054_result.jpg
2026-03-11 20:54:33,crazing_145.jpg,yolov8m,2,0.486,"[{""label"": ""class_0"", ""score"": 0.6342973113059998, ""bbox"": [2.812471389770508, 1.4646410942077637, 114.8680648803711, 81.23088073730469]}, {""label"": ""class_0"", ""score"": 0.33854737877845764, ""bbox"": [22.588462829589844, 87.5124740600586, 172.9803466796875, 197.98599243164062]}]",/static/results/ef504e44-8d55-4d2f-9289-ab0f4834b022_result.jpg
2026-03-11 20:54:33,crazing_179.jpg,yolov8m,5,0.369,"[{""label"": ""class_0"", ""score"": 0.4292695224285126, ""bbox"": [151.1236114501953, 0.02089977264404297, 200.0, 69.48399353027344]}, {""label"": ""class_0"", ""score"": 0.4121960997581482, ""bbox"": [0.0, 81.17948150634766, 78.29736328125, 151.18218994140625]}, {""label"": ""class_0"", ""score"": 0.37529510259628296, ""bbox"": [0.0, 3.014402389526367, 106.65912628173828, 82.62225341796875]}, {""label"": ""class_0"", ""score"": 0.37154340744018555, ""bbox"": [2.493896484375, 37.9532585144043, 200.0, 156.9445037841797]}, {""label"": ""class_0"", ""score"": 0.25423771142959595, ""bbox"": [11.094970703125, 149.33164978027344, 200.0, 199.9434814453125]}]",/static/results/a55df9d4-dd32-4738-9440-838490d2a53b_result.jpg
2026-03-11 20:54:33,rolled-in_scale_159.jpg,yolov8m,0,0.0,[],/static/results/b6c9134d-ffea-46f3-a544-5cbf2a59a505_result.jpg
2026-03-11 20:54:33,inclusion_66.jpg,yolov8m,1,0.707,"[{""label"": ""class_1"", ""score"": 0.7071610689163208, ""bbox"": [58.04874038696289, 3.4725379943847656, 128.17955017089844, 198.61758422851562]}]",/static/results/cd07aaba-21c7-4133-a5c4-2eed1b40d4fd_result.jpg
2026-03-11 20:54:34,rolled-in_scale_213.jpg,yolov8m,2,0.472,"[{""label"": ""class_4"", ""score"": 0.5769278407096863, ""bbox"": [39.774131774902344, 85.01073455810547, 182.18531799316406, 198.27662658691406]}, {""label"": ""class_4"", ""score"": 0.36760175228118896, ""bbox"": [19.184736251831055, 70.29912567138672, 58.158634185791016, 114.30036163330078]}]",/static/results/cdb20a6f-4398-43f2-9b36-cbf8fe210387_result.jpg
2026-03-11 20:54:34,crazing_227.jpg,yolov8m,2,0.301,"[{""label"": ""class_0"", ""score"": 0.3360673487186432, ""bbox"": [131.80172729492188, 1.6179847717285156, 199.9266357421875, 83.7999038696289]}, {""label"": ""class_0"", ""score"": 0.2650248408317566, ""bbox"": [0.5916118621826172, 0.0, 127.11186981201172, 52.35603713989258]}]",/static/results/587c4914-a988-4841-a3c1-7a655b6e2660_result.jpg
2026-03-11 20:54:34,pitted_surface_39.jpg,yolov8m,1,0.6,"[{""label"": ""class_3"", ""score"": 0.6002883315086365, ""bbox"": [2.9014015197753906, 0.578460693359375, 200.0, 200.0]}]",/static/results/fb46463b-8826-4158-b803-b58dcfe41513_result.jpg
2026-03-11 20:54:34,rolled-in_scale_8.jpg,yolov8m,0,0.0,[],/static/results/bbc9e7fe-0899-46dd-be6d-339247845ce7_result.jpg
2026-03-11 20:54:34,scratches_227.jpg,yolov8m,2,0.529,"[{""label"": ""class_5"", ""score"": 0.634552538394928, ""bbox"": [59.72827911376953, 27.91971206665039, 106.24794006347656, 199.91648864746094]}, {""label"": ""class_5"", ""score"": 0.4233194887638092, ""bbox"": [0.0, 0.607757568359375, 19.053667068481445, 199.12730407714844]}]",/static/results/46ccd8cc-5f24-4a10-8741-d73cecb8aaf5_result.jpg
2026-03-11 20:54:34,scratches_223.jpg,yolov8m,6,0.431,"[{""label"": ""class_5"", ""score"": 0.5126554369926453, ""bbox"": [111.90143585205078, 110.94100952148438, 146.2694854736328, 199.87388610839844]}, {""label"": ""class_5"", ""score"": 0.49937552213668823, ""bbox"": [50.37993240356445, 0.011548995971679688, 83.31784057617188, 107.58438110351562]}, {""label"": ""class_5"", ""score"": 0.49348747730255127, ""bbox"": [185.20654296875, 146.59449768066406, 200.0, 200.0]}, {""label"": ""class_1"", ""score"": 0.4623212218284607, ""bbox"": [153.13400268554688, 0.5429267883300781, 200.0, 154.99655151367188]}, {""label"": ""class_5"", ""score"": 0.35515615344047546, ""bbox"": [116.10557556152344, 0.17964839935302734, 145.6475372314453, 51.749027252197266]}, {""label"": ""class_1"", ""score"": 0.26258718967437744, ""bbox"": [167.68836975097656, 0.6362152099609375, 199.8351287841797, 154.82757568359375]}]",/static/results/0f91cc78-3f40-4810-a77a-4cb37789239c_result.jpg
2026-03-11 20:54:35,patches_18.jpg,yolov8m,4,0.493,"[{""label"": ""class_2"", ""score"": 0.8131873607635498, ""bbox"": [39.90266418457031, 0.4066610336303711, 109.78170013427734, 78.15486145019531]}, {""label"": ""class_2"", ""score"": 0.43473389744758606, ""bbox"": [50.61845779418945, 157.45758056640625, 99.44747161865234, 199.6567840576172]}, {""label"": ""class_2"", ""score"": 0.42054834961891174, ""bbox"": [119.32727813720703, 44.57981872558594, 186.8609161376953, 111.46438598632812]}, {""label"": ""class_2"", ""score"": 0.30454879999160767, ""bbox"": [44.882469177246094, 117.22066497802734, 104.51946258544922, 200.0]}]",/static/results/12a9ad81-0446-456b-aded-a5361c463108_result.jpg
2026-03-11 20:54:35,rolled-in_scale_203.jpg,yolov8m,2,0.594,"[{""label"": ""class_4"", ""score"": 0.7483873963356018, ""bbox"": [86.10061645507812, 145.73797607421875, 125.12096405029297, 199.9654998779297]}, {""label"": ""class_4"", ""score"": 0.4386924207210541, ""bbox"": [84.33629608154297, 1.0652875900268555, 139.9730224609375, 68.99817657470703]}]",/static/results/6f4ada40-ec23-417e-93a0-ddb9f199e3fc_result.jpg
2026-03-11 20:54:35,scratches_141.jpg,yolov8m,5,0.631,"[{""label"": ""class_1"", ""score"": 0.8000251650810242, ""bbox"": [61.3135986328125, 51.88396453857422, 87.74478912353516, 115.86396789550781]}, {""label"": ""class_1"", ""score"": 0.7959353923797607, ""bbox"": [15.025787353515625, 61.246337890625, 50.83904266357422, 111.59356689453125]}, {""label"": ""class_5"", ""score"": 0.6993244886398315, ""bbox"": [125.16160583496094, 0.0, 186.96572875976562, 200.0]}, {""label"": ""class_1"", ""score"": 0.5410773754119873, ""bbox"": [35.12888717651367, 0.22091388702392578, 53.74917984008789, 47.3950080871582]}, {""label"": ""class_1"", ""score"": 0.31737473607063293, ""bbox"": [96.91619873046875, 12.993226051330566, 110.57464599609375, 48.02092361450195]}]",/static/results/83485423-1bf4-4028-b25d-99262ce7fd4d_result.jpg
2026-03-11 20:54:35,scratches_182.jpg,yolov8m,1,0.74,"[{""label"": ""class_5"", ""score"": 0.7397652268409729, ""bbox"": [46.760215759277344, 0.0, 97.02682495117188, 199.5978546142578]}]",/static/results/202fe5eb-6bc3-4817-ba7e-4c352c40a132_result.jpg
2026-03-11 20:54:35,inclusion_218.jpg,yolov8m,3,0.607,"[{""label"": ""class_1"", ""score"": 0.7924432754516602, ""bbox"": [54.94042205810547, 69.24991607666016, 96.0970458984375, 151.6751708984375]}, {""label"": ""class_1"", ""score"": 0.5505216121673584, ""bbox"": [107.76891326904297, 64.28829956054688, 141.242431640625, 149.8158721923828]}, {""label"": ""class_1"", ""score"": 0.47713664174079895, ""bbox"": [85.88285064697266, 71.02799987792969, 114.0938720703125, 116.9003677368164]}]",/static/results/eb15b308-3124-4aa8-b27a-3461a52fd0fb_result.jpg
2026-03-11 20:54:36,inclusion_219.jpg,yolov8m,1,0.519,"[{""label"": ""class_1"", ""score"": 0.5192834138870239, ""bbox"": [103.24058532714844, 97.35360717773438, 134.97201538085938, 182.71697998046875]}]",/static/results/a7790a72-04ec-48ef-b54d-726f686a7dfd_result.jpg
2026-03-11 20:54:36,inclusion_225.jpg,yolov8m,2,0.478,"[{""label"": ""class_1"", ""score"": 0.5774528980255127, ""bbox"": [22.396848678588867, 0.0, 81.90774536132812, 199.8565673828125]}, {""label"": ""class_1"", ""score"": 0.3788251280784607, ""bbox"": [66.26294708251953, 0.006160736083984375, 116.02813720703125, 111.81924438476562]}]",/static/results/b336340d-85df-4876-86e5-b2dfe3b1fb69_result.jpg
2026-03-11 20:54:36,crazing_183.jpg,yolov8m,2,0.338,"[{""label"": ""class_0"", ""score"": 0.398497611284256, ""bbox"": [0.9937047958374023, 0.5284309387207031, 159.10935974121094, 69.64659881591797]}, {""label"": ""class_0"", ""score"": 0.27755996584892273, ""bbox"": [107.96968078613281, 51.49709701538086, 199.95460510253906, 153.5056915283203]}]",/static/results/f4607159-fc10-489b-9a8b-bf961034711f_result.jpg
2026-03-11 20:54:36,inclusion_231.jpg,yolov8m,6,0.581,"[{""label"": ""class_1"", ""score"": 0.8402276039123535, ""bbox"": [88.3165054321289, 136.73057556152344, 122.256591796875, 199.42047119140625]}, {""label"": ""class_1"", ""score"": 0.6305961608886719, ""bbox"": [108.85324096679688, 84.0391616821289, 126.94085693359375, 130.31700134277344]}, {""label"": ""class_1"", ""score"": 0.5593047142028809, ""bbox"": [73.29366302490234, 94.03951263427734, 94.18870544433594, 147.01544189453125]}, {""label"": ""class_1"", ""score"": 0.5564331412315369, ""bbox"": [54.47022247314453, 137.76803588867188, 77.83734893798828, 177.95480346679688]}, {""label"": ""class_1"", ""score"": 0.4969017505645752, ""bbox"": [119.52523040771484, 110.86686706542969, 154.93008422851562, 178.9529266357422]}, {""label"": ""class_1"", ""score"": 0.4042109251022339, ""bbox"": [137.50253295898438, 112.69214630126953, 154.4152069091797, 147.25906372070312]}]",/static/results/0ce04a5d-8a8f-4216-b3d0-71b23e3b3fdf_result.jpg
2026-03-11 20:54:36,pitted_surface_165.jpg,yolov8m,1,0.863,"[{""label"": ""class_3"", ""score"": 0.8632434606552124, ""bbox"": [0.0, 1.5776634216308594, 167.8708038330078, 199.99929809570312]}]",/static/results/dce59dfe-16ff-4aa2-9071-ce3d310c642c_result.jpg
2026-03-11 20:54:36,crazing_154.jpg,yolov8m,2,0.525,"[{""label"": ""class_0"", ""score"": 0.614311695098877, ""bbox"": [0.47936439514160156, 21.664302825927734, 92.66532135009766, 100.52479553222656]}, {""label"": ""class_0"", ""score"": 0.4348756968975067, ""bbox"": [89.85772705078125, 40.00606918334961, 179.34564208984375, 127.33970642089844]}]",/static/results/df9dc130-7aec-407f-a0ef-abcac5a2607f_result.jpg
2026-03-11 20:54:37,scratches_154.jpg,yolov8m,3,0.497,"[{""label"": ""class_5"", ""score"": 0.6324272751808167, ""bbox"": [121.81339263916016, 3.5577964782714844, 149.28102111816406, 199.80767822265625]}, {""label"": ""class_5"", ""score"": 0.43320053815841675, ""bbox"": [99.90693664550781, 9.762115478515625, 115.58431243896484, 103.55396270751953]}, {""label"": ""class_5"", ""score"": 0.4255243241786957, ""bbox"": [54.22088623046875, 81.15718841552734, 81.84415435791016, 199.83314514160156]}]",/static/results/3e04a306-60c4-4165-b2b5-630c57c27eb0_result.jpg
2026-03-11 20:54:37,scratches_140.jpg,yolov8m,4,0.579,"[{""label"": ""class_1"", ""score"": 0.7670490741729736, ""bbox"": [16.481813430786133, 122.71504974365234, 42.83441162109375, 187.2174072265625]}, {""label"": ""class_5"", ""score"": 0.758646547794342, ""bbox"": [83.03426361083984, 0.0, 136.0653839111328, 199.53895568847656]}, {""label"": ""class_1"", ""score"": 0.4194956421852112, ""bbox"": [51.67849349975586, 84.2210922241211, 65.33020782470703, 118.90416717529297]}, {""label"": ""class_1"", ""score"": 0.3700825572013855, ""bbox"": [177.3112335205078, 69.62646484375, 199.56597900390625, 141.0636444091797]}]",/static/results/19be4473-7758-48d2-ac56-b45ab878191e_result.jpg
2026-03-11 20:54:37,patches_213.jpg,yolov8m,3,0.679,"[{""label"": ""class_2"", ""score"": 0.8627797961235046, ""bbox"": [98.6806869506836, 0.49549102783203125, 170.26133728027344, 115.95689392089844]}, {""label"": ""class_2"", ""score"": 0.804043173789978, ""bbox"": [13.278142929077148, 0.5767917633056641, 72.89772033691406, 64.35107421875]}, {""label"": ""class_2"", ""score"": 0.3688032329082489, ""bbox"": [0.37090539932250977, 151.7303924560547, 37.690208435058594, 200.0]}]",/static/results/a10ecc80-f4c4-4743-93bd-6c4c4991e214_result.jpg
2026-03-11 20:54:37,rolled-in_scale_216.jpg,yolov8m,2,0.459,"[{""label"": ""class_4"", ""score"": 0.5088726878166199, ""bbox"": [8.883986473083496, 80.73602294921875, 73.2034683227539, 164.3928680419922]}, {""label"": ""class_4"", ""score"": 0.40875518321990967, ""bbox"": [81.30799865722656, 66.91060638427734, 175.48658752441406, 161.61509704589844]}]",/static/results/d20a526a-88fd-4785-96a6-a898c847cfd9_result.jpg
2026-03-11 20:54:37,scratches_236.jpg,yolov8m,3,0.538,"[{""label"": ""class_5"", ""score"": 0.5647711157798767, ""bbox"": [0.0, 114.8789291381836, 126.70803833007812, 137.3094024658203]}, {""label"": ""class_5"", ""score"": 0.5415768027305603, ""bbox"": [45.45656204223633, 84.46292877197266, 191.99075317382812, 111.71367645263672]}, {""label"": ""class_5"", ""score"": 0.5077230334281921, ""bbox"": [151.7308349609375, 46.58357620239258, 191.81838989257812, 71.54157257080078]}]",/static/results/7315e50b-9823-40fd-a975-f049ebba8a40_result.jpg
2026-03-11 20:54:38,scratches_234.jpg,yolov8m,2,0.56,"[{""label"": ""class_5"", ""score"": 0.5734923481941223, ""bbox"": [3.9518165588378906, 130.22056579589844, 200.0, 168.414794921875]}, {""label"": ""class_5"", ""score"": 0.5465095043182373, ""bbox"": [0.6354331970214844, 63.903236389160156, 200.0, 89.7237777709961]}]",/static/results/1730c8e5-1719-4d8e-a2df-73f1770a70d3_result.jpg
2026-03-11 20:54:38,pitted_surface_211.jpg,yolov8m,1,0.47,"[{""label"": ""class_3"", ""score"": 0.46979275345802307, ""bbox"": [64.49993133544922, 0.9349441528320312, 199.8371124267578, 200.0]}]",/static/results/054a4472-3e58-4dc0-8fae-174c9c4b7124_result.jpg
2026-03-11 20:54:38,crazing_220.jpg,yolov8m,2,0.406,"[{""label"": ""class_0"", ""score"": 0.5225186347961426, ""bbox"": [8.058662414550781, 150.861083984375, 148.9637908935547, 199.55332946777344]}, {""label"": ""class_0"", ""score"": 0.28860193490982056, ""bbox"": [89.1531753540039, 0.7231235504150391, 150.7848358154297, 60.706939697265625]}]",/static/results/08816157-ba78-4e27-8db5-b54b6ec4c24c_result.jpg
2026-03-11 20:54:38,rolled-in_scale_35.jpg,yolov8m,3,0.338,"[{""label"": ""class_4"", ""score"": 0.375453382730484, ""bbox"": [114.33158874511719, 166.5181121826172, 198.80686950683594, 199.3282470703125]}, {""label"": ""class_4"", ""score"": 0.3421356678009033, ""bbox"": [109.36309814453125, 0.37407875061035156, 199.74703979492188, 61.09354019165039]}, {""label"": ""class_4"", ""score"": 0.29678860306739807, ""bbox"": [108.1145248413086, 3.344278335571289, 199.66172790527344, 111.70166778564453]}]",/static/results/830fb12d-85a3-46fa-a5a7-2ea541b6c530_result.jpg
2026-03-11 20:54:38,scratches_156.jpg,yolov8m,2,0.646,"[{""label"": ""class_5"", ""score"": 0.7560492157936096, ""bbox"": [38.07777404785156, 0.0, 88.35025787353516, 199.85739135742188]}, {""label"": ""class_5"", ""score"": 0.5350527763366699, ""bbox"": [94.0444107055664, 47.4443473815918, 122.41301727294922, 199.94212341308594]}]",/static/results/1465f70a-8fdf-42bb-b5fe-09bc6f82d74e_result.jpg
2026-03-11 20:54:38,scratches_28.jpg,yolov8m,2,0.61,"[{""label"": ""class_5"", ""score"": 0.652921199798584, ""bbox"": [4.416658878326416, 14.5062255859375, 26.674869537353516, 97.57890319824219]}, {""label"": ""class_5"", ""score"": 0.5662848353385925, ""bbox"": [2.9674768447875977, 144.1040802001953, 25.01999855041504, 199.91641235351562]}]",/static/results/3e6204f5-824b-48c8-a874-2eec98717204_result.jpg
2026-03-11 20:54:39,rolled-in_scale_176.jpg,yolov8m,1,0.477,"[{""label"": ""class_4"", ""score"": 0.4772146940231323, ""bbox"": [73.61796569824219, 15.418996810913086, 123.28166961669922, 73.33209991455078]}]",/static/results/14d99483-1912-4df0-8e31-c3387ebe4148_result.jpg
2026-03-11 20:54:39,inclusion_233.jpg,yolov8m,9,0.579,"[{""label"": ""class_1"", ""score"": 0.823889970779419, ""bbox"": [44.16175842285156, 65.51707458496094, 79.22699737548828, 131.99302673339844]}, {""label"": ""class_1"", ""score"": 0.725693941116333, ""bbox"": [15.081802368164062, 123.09550476074219, 32.722965240478516, 154.67466735839844]}, {""label"": ""class_1"", ""score"": 0.6815286874771118, ""bbox"": [64.73197174072266, 12.191824913024902, 82.62074279785156, 57.64124298095703]}, {""label"": ""class_1"", ""score"": 0.6051785349845886, ""bbox"": [28.645729064941406, 21.552383422851562, 49.81409454345703, 75.10401916503906]}, {""label"": ""class_1"", ""score"": 0.5639216303825378, ""bbox"": [170.5589599609375, 67.01300811767578, 189.91607666015625, 114.07349395751953]}, {""label"": ""class_1"", ""score"": 0.5158796310424805, ""bbox"": [24.64900016784668, 179.8214874267578, 46.97442626953125, 200.0]}, {""label"": ""class_1"", ""score"": 0.4995400309562683, ""bbox"": [9.82384204864502, 65.28939819335938, 33.0712776184082, 105.55107116699219]}, {""label"": ""class_1"", ""score"": 0.4761073589324951, ""bbox"": [93.7199935913086, 40.64615249633789, 110.46460723876953, 74.71305847167969]}, {""label"": ""class_1"", ""score"": 0.3185397684574127, ""bbox"": [75.04132080078125, 37.29713439941406, 111.51839447021484, 107.26752471923828]}]",/static/results/29f7af78-9397-4cff-9065-70d4773a6c59_result.jpg
2026-03-11 20:54:39,pitted_surface_199.jpg,yolov8m,2,0.519,"[{""label"": ""class_3"", ""score"": 0.7619887590408325, ""bbox"": [11.445045471191406, 0.0, 176.81060791015625, 199.37225341796875]}, {""label"": ""class_3"", ""score"": 0.27585673332214355, ""bbox"": [164.67330932617188, 0.7788276672363281, 200.0, 194.65133666992188]}]",/static/results/a2fd82c7-6393-4cf2-a6e7-44f7aab450e2_result.jpg
2026-03-11 20:54:40,rolled-in_scale_20.jpg,yolov8m,5,0.366,"[{""label"": ""class_4"", ""score"": 0.4394684433937073, ""bbox"": [102.12770080566406, 36.438236236572266, 199.29457092285156, 199.64141845703125]}, {""label"": ""class_4"", ""score"": 0.4362066388130188, ""bbox"": [26.367694854736328, 100.38951873779297, 81.68404388427734, 182.52403259277344]}, {""label"": ""class_4"", ""score"": 0.39148151874542236, ""bbox"": [103.62635803222656, 0.0, 158.1635284423828, 41.85394287109375]}, {""label"": ""class_4"", ""score"": 0.2885771691799164, ""bbox"": [121.1894302368164, 147.0334930419922, 200.0, 199.5366973876953]}, {""label"": ""class_4"", ""score"": 0.27337175607681274, ""bbox"": [97.904296875, 40.96771240234375, 198.40711975097656, 138.40196228027344]}]",/static/results/59a0f4cc-94bc-4440-b3ae-6f6494e9861a_result.jpg
2026-03-11 20:55:08,crazing_26.jpg,yolov8m,1,0.521,"[{""label"": ""class_0"", ""score"": 0.5210697054862976, ""bbox"": [21.422252655029297, 0.0, 196.76214599609375, 58.67929458618164]}]",/static/results/c6d62e77-a86f-4e83-af85-d1046b0c0a6d_result.jpg
2026-03-11 20:55:08,crazing_27.jpg,yolov8m,2,0.299,"[{""label"": ""class_0"", ""score"": 0.3478252589702606, ""bbox"": [4.229373931884766, 150.64930725097656, 200.0, 200.0]}, {""label"": ""class_0"", ""score"": 0.2511732280254364, ""bbox"": [11.532630920410156, 0.0, 200.0, 72.57264709472656]}]",/static/results/dc9747c2-293e-4dd1-8bbf-12ec2faf36cf_result.jpg
2026-03-11 20:55:08,crazing_34.jpg,yolov8m,1,0.341,"[{""label"": ""class_0"", ""score"": 0.3411465883255005, ""bbox"": [0.086212158203125, 49.571571350097656, 104.14762115478516, 180.18626403808594]}]",/static/results/707c6538-2beb-421f-8b62-a7f015931778_result.jpg
2026-03-11 20:55:08,crazing_35.jpg,yolov8m,2,0.401,"[{""label"": ""class_0"", ""score"": 0.4968651533126831, ""bbox"": [63.75772476196289, 0.3698539733886719, 199.17796325683594, 76.24069213867188]}, {""label"": ""class_0"", ""score"": 0.3044714331626892, ""bbox"": [85.05573272705078, 80.98401641845703, 197.39268493652344, 171.230224609375]}]",/static/results/58d46ccc-d357-4385-ac2f-4535acd2ceff_result.jpg
2026-03-11 20:55:09,crazing_51.jpg,yolov8m,2,0.367,"[{""label"": ""class_0"", ""score"": 0.4114251732826233, ""bbox"": [69.82980346679688, 0.0, 188.68446350097656, 57.41530227661133]}, {""label"": ""class_0"", ""score"": 0.32210224866867065, ""bbox"": [48.160057067871094, 111.7242202758789, 198.95452880859375, 194.4127960205078]}]",/static/results/d4d02e89-ece5-4df6-aeff-2bf926b36857_result.jpg
2026-03-11 20:55:09,crazing_59.jpg,yolov8m,1,0.304,"[{""label"": ""class_0"", ""score"": 0.30392640829086304, ""bbox"": [1.2419319152832031, 122.2098159790039, 108.07012176513672, 198.65817260742188]}]",/static/results/1f5106e5-9b72-4d0d-a071-bc8378a7baff_result.jpg
2026-03-12 12:38:48,rolled-in_scale_125.jpg,yolov8m,3,0.522,"[{""label"": ""class_4"", ""score"": 0.6868455410003662, ""bbox"": [114.61368560791016, 13.104158401489258, 152.50558471679688, 41.65878677368164]}, {""label"": ""class_4"", ""score"": 0.4958997964859009, ""bbox"": [86.15825653076172, 49.222408294677734, 133.42364501953125, 134.28787231445312]}, {""label"": ""class_4"", ""score"": 0.3843977153301239, ""bbox"": [14.319906234741211, 138.05091857910156, 67.60071563720703, 199.92019653320312]}]",/static/results/1a4aa469-a47d-48d1-af8a-7e23db73b022_result.jpg
2026-03-12 12:38:48,rolled-in_scale_126.jpg,yolov8m,2,0.348,"[{""label"": ""class_4"", ""score"": 0.401069313287735, ""bbox"": [81.50814056396484, 0.09457111358642578, 126.43314361572266, 41.28014373779297]}, {""label"": ""class_4"", ""score"": 0.2943917512893677, ""bbox"": [140.0977020263672, 179.7222442626953, 200.0, 200.0]}]",/static/results/e0c0d3d7-6f66-46c9-a000-c8d0fa51b7d6_result.jpg
2026-03-12 12:38:49,rolled-in_scale_127.jpg,yolov8m,1,0.392,"[{""label"": ""class_4"", ""score"": 0.3923680782318115, ""bbox"": [25.558351516723633, 136.38929748535156, 70.4534683227539, 175.34361267089844]}]",/static/results/cefe5d3d-105d-46e9-8054-f19fe7f3976f_result.jpg
2026-03-12 12:38:49,rolled-in_scale_128.jpg,yolov8m,0,0.0,[],/static/results/356fd101-a302-4d32-b8a2-f789b692d8fb_result.jpg
2026-03-15 16:15:10,scratches_10.jpg,yolov8m,3,0.516,"[{""label"": ""class_5"", ""score"": 0.681328296661377, ""bbox"": [75.66329956054688, 0.43224334716796875, 130.4332275390625, 120.43901062011719]}, {""label"": ""class_5"", ""score"": 0.49938392639160156, ""bbox"": [81.85192108154297, 78.68244171142578, 108.70002746582031, 151.95693969726562]}, {""label"": ""class_5"", ""score"": 0.3666231632232666, ""bbox"": [138.6951446533203, 0.0, 158.68162536621094, 199.23876953125]}]",/static/results/f8adb63e-980f-48ef-884c-09e4a3db13aa_result.jpg
2026-03-15 16:23:59,scratches_175.jpg,yolov8m,2,0.577,"[{""label"": ""class_5"", ""score"": 0.721500039100647, ""bbox"": [100.938720703125, 0.0, 151.1891326904297, 199.5511016845703]}, {""label"": ""class_5"", ""score"": 0.4317849278450012, ""bbox"": [157.07606506347656, 6.439456939697266, 184.85328674316406, 199.95742797851562]}]",/static/results/cef26503-73a2-4108-9d4d-f00c4b5a77f5_result.jpg
2026-03-30 18:00:45,crazing_7.jpg,yolov8m,2,0.381,"[{""label"": ""class_0"", ""score"": 0.4955546259880066, ""bbox"": [0.6934165954589844, 68.62560272216797, 197.67404174804688, 167.23745727539062]}, {""label"": ""class_0"", ""score"": 0.26576313376426697, ""bbox"": [1.6971588134765625, 0.0, 199.31198120117188, 75.60015869140625]}]",/static/results/faf32323-a598-494a-b9b9-df3f1d2ab39e_result.jpg
2026-03-30 20:06:19,crazing_10.jpg,yolov8m,3,0.346,"[{""label"": ""class_0"", ""score"": 0.5188589096069336, ""bbox"": [0.6906509399414062, 139.74266052246094, 182.20106506347656, 200.0]}, {""label"": ""class_0"", ""score"": 0.26122885942459106, ""bbox"": [61.60511016845703, 10.756284713745117, 199.46006774902344, 84.36669921875]}, {""label"": ""class_0"", ""score"": 0.2580450773239136, ""bbox"": [58.77132034301758, 12.800474166870117, 199.90550231933594, 149.7671356201172]}]",/static/results/eabecf8e-cb0d-4c2e-9618-88d2d176fd44_result.jpg
2026-03-30 20:08:58,rolled-in_scale_45.jpg,yolov8m,4,0.407,"[{""label"": ""class_4"", ""score"": 0.6162087917327881, ""bbox"": [119.25214385986328, 140.51547241210938, 169.72418212890625, 199.8057861328125]}, {""label"": ""class_4"", ""score"": 0.41263049840927124, ""bbox"": [117.08203887939453, 37.834346771240234, 174.45826721191406, 134.44728088378906]}, {""label"": ""class_4"", ""score"": 0.3095075488090515, ""bbox"": [115.26464080810547, 64.0286636352539, 179.44412231445312, 199.635498046875]}, {""label"": ""class_2"", ""score"": 0.2878946363925934, ""bbox"": [3.9040708541870117, 179.54635620117188, 72.38075256347656, 199.9864959716797]}]",/static/results/5c6ac32b-c09b-4024-8948-0c2ada8dec36_result.jpg
2026-03-30 20:09:11,scratches_232.jpg,yolov8m,2,0.425,"[{""label"": ""class_5"", ""score"": 0.5621565580368042, ""bbox"": [34.88856887817383, 64.05083465576172, 172.78170776367188, 87.59955596923828]}, {""label"": ""class_5"", ""score"": 0.28856760263442993, ""bbox"": [143.32147216796875, 69.00804138183594, 164.1873779296875, 179.0269317626953]}]",/static/results/c4943d5f-68fa-4b13-99e2-f1a2e2a11058_result.jpg
2026-03-30 20:09:40,inclusion_170.jpg,yolov8m,1,0.804,"[{""label"": ""class_1"", ""score"": 0.8044285178184509, ""bbox"": [72.9275131225586, 1.4694976806640625, 137.56822204589844, 199.00634765625]}]",/static/results/e17c165b-9f89-4dc9-8b4f-2b257fb628c7_result.jpg
2026-03-30 20:10:24,patches_293.jpg,yolov8m,2,0.666,"[{""label"": ""class_2"", ""score"": 0.8153027892112732, ""bbox"": [110.25947570800781, 58.1456184387207, 191.49964904785156, 199.83004760742188]}, {""label"": ""class_2"", ""score"": 0.5159026980400085, ""bbox"": [132.16104125976562, 12.780466079711914, 177.8026885986328, 63.14142990112305]}]",/static/results/804b6da9-c98e-41f9-8d3e-96f0850221bf_result.jpg
2026-03-30 20:10:37,inclusion_172.jpg,yolov8m,2,0.544,"[{""label"": ""class_1"", ""score"": 0.7748335003852844, ""bbox"": [70.87857818603516, 59.1877555847168, 111.96483612060547, 198.15966796875]}, {""label"": ""class_1"", ""score"": 0.31385746598243713, ""bbox"": [81.04576110839844, 11.810908317565918, 105.35026550292969, 67.99488067626953]}]",/static/results/e163e211-f980-4975-bb55-e99499504a42_result.jpg
2026-03-30 20:35:24,inclusion_98.jpg,yolov8m,1,0.685,"[{""label"": ""class_1"", ""score"": 0.6846023201942444, ""bbox"": [22.769832611083984, 0.059146881103515625, 123.26917266845703, 199.6365966796875]}]",/static/results/85353ec2-247e-4ffa-8163-db3df93333a9_result.jpg
2026-03-30 20:35:41,inclusion_136.jpg,yolov8m,2,0.454,"[{""label"": ""class_1"", ""score"": 0.576582133769989, ""bbox"": [163.8726806640625, 81.63480377197266, 182.32566833496094, 119.9327621459961]}, {""label"": ""class_1"", ""score"": 0.33055832982063293, ""bbox"": [12.987603187561035, 104.85557556152344, 27.259368896484375, 129.10983276367188]}]",/static/results/b5b73abb-009b-4a12-ae76-698b23f0f4d2_result.jpg
2026-03-30 20:36:02,patches_103.jpg,yolov8m,1,0.813,"[{""label"": ""class_2"", ""score"": 0.8133766651153564, ""bbox"": [58.01589584350586, 25.01764678955078, 125.76717376708984, 177.9824981689453]}]",/static/results/e9a462e9-565d-4da7-b194-5acf4f6dca89_result.jpg
